section,day,subject,start_time,end_time,room,professor
A1,Tue,TEST-CLASS,19:50,20:50,TEST-ROOM,TEST-PROF
A1,Mon,MPWS,08:30,10:30,DG-04,MPS
A1,Mon,CAMD,10:30,11:30,CG-09,SS
A1,Mon,PH,11:30,12:30,CG-09,SG
A1,Mon,SWAYAM/NPTEL,13:30,14:30,,
A2,Mon,LG LAB,13:30,14:30,CS-22,SC
A2,Mon,CAMD,08:30,10:30,CS-17,SS
A2,Mon,CAMD,10:30,11:30,CG-09,SS
A2,Mon,PH,11:30,12:30,CG-09,SG
A2,Mon,LG LAB,13:30,14:30,CS-22,SC
A1,Tue,CAMD,08:30,10:30,CS-17,SS
A1,Tue,PH,10:30,11:30,CG-09,SG
A1,Tue,LG LAB,13:30,14:30,CS-23,SC
A2,Tue,MPWS,08:30,10:30,DG-06,MG
A2,Tue,PH,10:30,11:30,CG-09,SG
A2,Tue,SWAYAM/NPTEL,13:30,15:30,,
A1,Wed,Sports-I,08:30,09:30,,
A1,Wed,M,09:30,10:30,CG-09,KP
A1,Wed,CSK,11:30,12:30,CG-09,SC
A1,Wed,EE LAB,13:30,14:30,BLG-17,VR
A2,Wed,Sports-I,08:30,09:30,,
A2,Wed,M,09:30,10:30,CG-09,KP
A2,Wed,CSK,11:30,12:30,CG-09,SC
A2,Wed,PH LAB,13:30,14:30,CF-11,PKS
A1,Thu,M,08:30,09:30,CG-09,KP
A1,Thu,CSK,09:30,10:30,CG-09,SC
A1,Thu,PH,10:30,11:30,CG-09,SG
A1,Thu,PH LAB,13:30,14:30,CF-10,SKD
A2,Thu,M,08:30,09:30,CG-09,KP
A2,Thu,CSK,09:30,10:30,CG-09,SC
A2,Thu,PH,10:30,11:30,CG-09,SG
A2,Thu,EE LAB,13:30,14:30,BLG-17,NKK
A1,Fri,BEE,09:30,10:30,CG-09,VR
A1,Fri,M,10:30,11:30,CG-09,KP
A1,Fri,BME,11:30,12:30,CG-09,SS
A2,Fri,BEE,09:30,10:30,CG-09,VR
A2,Fri,M,10:30,11:30,CG-09,KP
A2,Fri,BME,11:30,12:30,CG-09,SS
A1,Sat,PH,08:30,09:30,CG-09,SG
A1,Sat,BEE,09:30,10:30,CG-09,VR
A1,Sat,M,10:30,11:30,CG-09,KP
A1,Sat,BME,13:30,14:30,CG-09,SS
A2,Sat,PH,08:30,09:30,CG-09,SG
A2,Sat,BEE,09:30,10:30,CG-09,VR
A2,Sat,M,10:30,11:30,CG-09,KP
A2,Sat,BME,13:30,14:30,CG-09,SS
B1,Mon,BEE,08:30,09:30,CG-09,NKK
B1,Mon,PH,09:30,10:30,CG-09,SKD
B1,Mon,EE LAB,10:30,12:30,BLG-17,NKK
B1,Mon,Sports-I,13:30,14:30,,
B2,Mon,BEE,08:30,09:30,CG-09,NKK
B2,Mon,PH,09:30,10:30,CG-09,SKD
B2,Mon,PH LAB,10:30,12:30,CF-10,PKS
B2,Mon,Sports-I,13:30,14:30,,
B1,Tue,BME,09:30,10:30,CG-09,SPS
B1,Tue,PH LAB,10:30,12:30,CF-11,NS
B1,Tue,M,13:30,14:30,CG-09,ST
B2,Tue,BME,09:30,10:30,CG-09,SPS
B2,Tue,EE LAB,10:30,12:30,BLG-17,NKK
B2,Tue,M,13:30,14:30,CG-09,ST
B1,Wed,MPWS,08:30,10:30,DG-06,MG
B1,Wed,CAMD,10:30,11:30,CG-09,SPS
B1,Wed,PH,13:30,14:30,CG-09,SKD
B2,Wed,CAMD,08:30,10:30,CF-02,SPS
B2,Wed,CAMD,10:30,11:30,CG-09,SPS
B2,Wed,PH,13:30,14:30,CG-09,SKD
B1,Thu,CAMD,08:30,10:30,CF-02,SPS
B1,Thu,PH,10:30,11:30,CF-03,NS
B1,Thu,M,11:30,12:30,CF-03,ST
B2,Thu,MPWS,08:30,10:30,DG-04,LKS
B2,Thu,PH,10:30,11:30,CF-03,NS
B2,Thu,M,11:30,12:30,CF-03,ST
B1,Fri,PH,08:30,09:30,CF-03,NS
B1,Fri,M,09:30,10:30,CF-03,ST
B1,Fri,CSK,10:30,11:30,CF-03,SHB
B1,Fri,BEE,11:30,12:30,CF-03,NKK
B1,Fri,SWAYAM/NPTEL,13:30,14:30,,
B1,Fri,LG LAB,13:30,14:30,CS-22,SHB
B2,Fri,PH,08:30,09:30,CF-03,NS
B2,Fri,M,09:30,10:30,CF-03,ST
B2,Fri,CSK,10:30,11:30,CF-03,SHB
B2,Fri,BEE,11:30,12:30,CF-03,NKK
B2,Fri,SWAYAM/NPTEL,13:30,14:30,,
B2,Fri,LG LAB,13:30,14:30,CS-22,SHB
B1,Sat,BME,09:30,10:30,CF-03,SPS
B1,Sat,M,10:30,11:30,CF-03,ST
B1,Sat,CSK,11:30,12:30,CF-03,SHB
B1,Sat,LG LAB,13:30,14:30,CS-23,SHB
B1,Sat,SWAYAM/NPTEL,14:30,15:30,,
B2,Sat,BME,09:30,10:30,CF-03,SPS
B2,Sat,M,10:30,11:30,CF-03,ST
B2,Sat,CSK,11:30,12:30,CF-03,SHB
B2,Sat,LG LAB,13:30,14:30,CS-23,SHB
B2,Sat,SWAYAM/NPTEL,14:30,15:30,,
C1,Mon,CSK,09:30,10:30,CF-03,SC
C1,Mon,M,11:30,12:30,CF-03,YS
C1,Mon,EE LAB,13:30,15:30,BLG-17,NKK
C2,Mon,CSK,09:30,10:30,CF-03,SC
C2,Mon,M,11:30,12:30,CF-03,YS
C2,Mon,PH LAB,13:30,15:30,CF-10,NS
C1,Tue,PH,08:30,09:30,CF-02,MP
C1,Tue,M,09:30,10:30,CF-02,YS
C1,Tue,LG LAB,10:30,12:30,CS-23,SC
C1,Tue,PH LAB,13:30,14:30,CF-10,SS
C2,Tue,PH,08:30,09:30,CF-02,MP
C2,Tue,M,09:30,10:30,CF-02,YS
C2,Tue,SWAYAM/NPTEL,11:30,12:30,,
C2,Tue,EE LAB,13:30,14:30,BLG-17,NKK
C1,Wed,BEE,08:30,09:30,CF-03,NKK
C1,Wed,CSK,09:30,10:30,CF-03,SC
C1,Wed,PH,10:30,11:30,CF-03,PKS
C1,Wed,BME,13:30,14:30,CF-03,DP
C2,Wed,BEE,08:30,09:30,CF-03,NKK
C2,Wed,CSK,09:30,10:30,CF-03,SC
C2,Wed,PH,10:30,11:30,CF-03,PKS
C2,Wed,BME,13:30,14:30,CF-03,DP
C1,Thu,MPWS,08:30,10:30,DG-06,BD
C1,Thu,CAMD,11:30,12:30,CG-09,DP
C1,Thu,M,13:30,14:30,CG-09,YS
C2,Thu,CAMD,08:30,10:30,CF-01,DP
C2,Thu,CAMD,11:30,12:30,CG-09,DP
C2,Thu,M,13:30,14:30,CG-09,YS
C1,Fri,CAMD,08:30,10:30,CF-01,DP
C1,Fri,SWAYAM/NPTEL,10:30,12:30,,
C1,Fri,PH,13:30,14:30,CG-09,MP
C2,Fri,MPWS,08:30,10:30,DG-06,MPS
C2,Fri,LG LAB,10:30,12:30,CS-22,MP
C2,Fri,PH,13:30,14:30,CG-09,MP
C1,Sat,BME,08:30,09:30,CF-06,DP
C1,Sat,BEE,09:30,10:30,CF-06,NKK
C1,Sat,M,10:30,11:30,CF-06,YS
C1,Sat,Sports-I,11:30,12:30,,
C1,Sat,PH,13:30,14:30,CF-03,PKS
C2,Sat,BME,08:30,09:30,CF-06,DP
C2,Sat,BEE,09:30,10:30,CF-06,NKK
C2,Sat,M,10:30,11:30,CF-06,YS
C2,Sat,Sports-I,11:30,12:30,,
C2,Sat,PH,13:30,14:30,CF-03,PKS
D1,Mon,CSK,09:30,10:30,CT-06,DS
D1,Mon,PH,10:30,11:30,CF-06,NS
D1,Mon,CAMD,12:30,13:30,CF-02,SPS
D2,Mon,CSK,09:30,10:30,CT-06,DS
D2,Mon,PH,10:30,11:30,CF-06,NS
D2,Mon,MPWS,12:30,13:30,DG-06,BB
D1,Tue,M,08:30,09:30,CF-06,TG
D1,Tue,PH,09:30,10:30,CF-06,NS
D1,Tue,Sports-I,10:30,11:30,,
D1,Tue,MPWS,12:30,14:30,DG-06,AS
D1,Tue,CAMD,14:30,15:30,CF-06,SPS
D2,Tue,M,08:30,09:30,CF-06,TG
D2,Tue,PH,09:30,10:30,CF-06,NS
D2,Tue,Sports-I,10:30,11:30,,
D2,Tue,MPWS,12:30,14:30,DG-06,AS
D2,Tue,CAMD,14:30,15:30,CF-06,SPS
D1,Wed,M,08:30,09:30,CF-06,TG
D1,Wed,PH,09:30,10:30,CF-06,GKD
D1,Wed,EE LAB,10:30,12:30,BLG-17,V Sh
D2,Wed,M,08:30,09:30,CF-06,TG
D2,Wed,PH,09:30,10:30,CF-06,GKD
D2,Wed,PH LAB,10:30,12:30,CF-10,MP
D1,Thu,CSK,09:30,10:30,CF-03,DS
D1,Thu,PH LAB,10:30,12:30,CF-10,SB
D1,Thu,BME,14:30,15:30,CF-03,SPS
D2,Thu,CSK,09:30,10:30,CF-03,DS
D2,Thu,EE LAB,10:30,12:30,BLG-17,V Sh
D2,Thu,BME,14:30,15:30,CF-03,SPS
D1,Fri,M,08:30,09:30,CF-06,TG
D1,Fri,BEE,09:30,10:30,CF-06,NKK
D1,Fri,BME,10:30,11:30,CG-08,SPS
D1,Fri,SWAYAM/NPTEL,13:30,15:30,,
D2,Fri,M,08:30,09:30,CF-06,TG
D2,Fri,BEE,09:30,10:30,CF-06,NKK
D2,Fri,BME,10:30,11:30,CG-08,SPS
D2,Fri,LG LAB,13:30,15:30,CS-23,RC
D1,Sat,PH,08:30,09:30,CF-07,SKD
D1,Sat,M,09:30,10:30,CF-07,TG
D1,Sat,BEE,10:30,11:30,CF-13,NKK
D1,Sat,LG LAB,13:30,14:30,CS-22,DS
D2,Sat,PH,08:30,09:30,CF-07,SKD
D2,Sat,M,09:30,10:30,CF-07,TG
D2,Sat,BEE,10:30,11:30,CF-13,NKK
D2,Sat,SWAYAM/NPTEL,13:30,15:30,,
E1,Mon,PH LAB,08:30,10:30,CF-10,PKS
E1,Mon,M,11:30,12:30,CF-07,RM
E1,Mon,PH,12:30,13:30,CF-07,MP
E2,Mon,EE LAB,08:30,10:30,BLG-17,VR
E2,Mon,M,11:30,12:30,CF-07,RM
E2,Mon,PH,12:30,13:30,CF-07,MP
E1,Tue,EE LAB,08:30,10:30,BLG-17,VR
E1,Tue,BEE,09:30,10:30,CS-05,VR
E1,Tue,M,10:30,11:30,CS-05,RM
E2,Tue,PH LAB,08:30,10:30,CF-10,PKS
E2,Tue,BEE,09:30,10:30,CS-05,VR
E2,Tue,M,10:30,11:30,CS-05,RM
E1,Wed,M,08:30,09:30,CF-07,RM
E1,Wed,PH,09:30,10:30,CF-07,MP
E1,Wed,MPWS,12:30,14:30,DG-04,BB
E1,Wed,CAMD,14:30,15:30,DS-08,HCN
E2,Wed,M,08:30,09:30,CF-07,RM
E2,Wed,PH,09:30,10:30,CF-07,MP
E2,Wed,CAMD,12:30,14:30,DS-08,HCN
E2,Wed,CAMD,14:30,15:30,CF-07,HCN
E1,Thu,PH,09:30,10:30,CF-06,PKS
E1,Thu,M,10:30,11:30,CT-08,RM
E1,Thu,CAMD,12:30,14:30,DG-04,AS
E2,Thu,PH,09:30,10:30,CF-06,PKS
E2,Thu,M,10:30,11:30,CT-08,RM
E2,Thu,MPWS,12:30,14:30,DG-04,AS
E1,Fri,LG LAB,08:30,10:30,CS-23,SHB
E1,Fri,CSK,10:30,11:30,CF-07,RC
E1,Fri,BME,10:30,11:30,CF-07,AB
E1,Fri,PH,11:30,12:30,CF-06,PKS
E2,Fri,LG LAB,08:30,09:30,CS-23,SHB
E2,Fri,SWAYAM/NPTEL,09:30,10:30,,
E2,Fri,CSK,09:30,10:30,CF-07,RC
E2,Fri,BME,10:30,11:30,CF-07,AB
E2,Fri,PH,10:30,11:30,CF-06,PKS
E1,Sat,SWAYAM/NPTEL,09:30,10:30,,
E1,Sat,LG LAB,09:30,10:30,CS-23,SHB
E1,Sat,CSK,09:30,10:30,CT-13,RC
E1,Sat,PH,10:30,11:30,CT-13,PKS
E1,Sat,BME,11:30,12:30,CT-06,AB
E1,Sat,Sports-I,11:30,12:30,,
E2,Sat,SWAYAM/NPTEL,09:30,10:30,,
E2,Sat,LG LAB,09:30,10:30,CS-23,SHB
E2,Sat,CSK,09:30,10:30,CT-13,RC
E2,Sat,PH,10:30,11:30,CT-13,PKS
E2,Sat,BME,11:30,12:30,CT-06,AB
E2,Sat,Sports-I,11:30,12:30,,
F1,Mon,BME,08:30,09:30,CF-03,AP
F1,Mon,CSK,10:30,11:30,CF-03,RC
F1,Mon,PH,11:30,12:30,CF-06,SB
F2,Mon,BME,08:30,09:30,CF-03,AP
F2,Mon,CSK,10:30,11:30,CF-03,RC
F2,Mon,PH,11:30,12:30,CF-06,SB
F1,Tue,PH,09:30,10:30,CF-07,SB
F1,Tue,BEE,10:30,11:30,CF-07,N Ag
F1,Tue,M,11:30,12:30,CF-07,SKB
F1,Tue,SWAYAM/NPTEL,14:30,15:30,,
F1,Tue,LG LAB,14:30,15:30,CS-23,RC
F2,Tue,PH,09:30,10:30,CF-07,SB
F2,Tue,BEE,10:30,11:30,CF-07,N Ag
F2,Tue,M,11:30,12:30,CF-07,SKB
F2,Tue,SWAYAM/NPTEL,14:30,15:30,,
F2,Tue,LG LAB,14:30,15:30,CS-23,RC
F1,Wed,EE LAB,08:30,10:30,BLG-17,N Ag
F1,Wed,PH LAB,10:30,12:30,CF-11,SB
F1,Wed,LG LAB,14:30,15:30,CS-23,RC
F2,Wed,EE LAB,08:30,10:30,BLG-17,N Ag
F2,Wed,PH LAB,10:30,12:30,CF-11,SB
F2,Wed,LG LAB,14:30,15:30,CS-23,RC
F1,Thu,PH LAB,08:30,10:30,CF-10,SKD
F1,Thu,EE LAB,10:30,12:30,BLG-17,N Ag
F1,Thu,M,11:30,12:30,CF-06,SKB
F1,Thu,SWAYAM/NPTEL,14:30,15:30,,
F2,Thu,PH LAB,08:30,10:30,CF-10,SKD
F2,Thu,EE LAB,10:30,12:30,BLG-17,N Ag
F2,Thu,M,11:30,12:30,CF-06,SKB
F2,Thu,SWAYAM/NPTEL,14:30,15:30,,
F1,Fri,PH,08:30,09:30,CF-13,SB
F1,Fri,M,09:30,10:30,CF-13,SKB
F1,Fri,CAMD,11:30,12:30,CF-13,AP
F1,Fri,MPWS,13:30,14:30,DG-06,BB
F1,Fri,CAMD,13:30,14:30,CF-01,AP
F2,Fri,PH,08:30,09:30,CF-13,SB
F2,Fri,M,09:30,10:30,CF-13,SKB
F2,Fri,CAMD,11:30,12:30,CF-13,AP
F2,Fri,MPWS,13:30,14:30,DG-06,BB
F2,Fri,CAMD,13:30,14:30,CF-01,AP
F1,Sat,BME,08:30,09:30,CF-13,AP
F1,Sat,BEE,09:30,10:30,CF-13,N Ag
F1,Sat,Sports-I,10:30,11:30,,
F1,Sat,CSK,11:30,12:30,CF-13,RC
F1,Sat,CAMD,13:30,14:30,CF-01,AP
F1,Sat,MPWS,14:30,15:30,DG-04,BB
F2,Sat,BME,08:30,09:30,CF-13,AP
F2,Sat,BEE,09:30,10:30,CF-13,N Ag
F2,Sat,Sports-I,10:30,11:30,,
F2,Sat,CSK,11:30,12:30,CF-13,RC
F2,Sat,CAMD,13:30,14:30,CF-01,AP
F2,Sat,MPWS,14:30,15:30,DG-04,BB
G1,Mon,MPWS,08:30,10:30,DG-06,AS
G1,Mon,CAMD,10:30,11:30,CF-13,DP
G1,Mon,M,11:30,12:30,CF-13,MNM
G1,Mon,PH,13:30,14:30,CF-13,SG
G2,Mon,CAMD,08:30,10:30,CF-01,DP
G2,Mon,CAMD,10:30,11:30,CF-13,DP
G2,Mon,M,11:30,12:30,CF-13,MNM
G2,Mon,PH,13:30,14:30,CF-13,SG
G1,Tue,CAMD,08:30,10:30,CF-01,DP
G1,Tue,PH,10:30,11:30,CF-03,SG
G1,Tue,BME,13:30,14:30,CF-06,DP
G2,Tue,MPWS,08:30,10:30,DG-04,AS
G2,Tue,PH,10:30,11:30,CF-03,SG
G2,Tue,BME,13:30,14:30,CF-06,DP
G1,Wed,LG LAB,08:30,10:30,CS-23,RC
G1,Wed,PH,10:30,11:30,CF-07,SG
G1,Wed,BEE,11:30,12:30,CF-07,VR
G1,Wed,M,13:30,14:30,CF-06,MNM
G2,Wed,LG LAB,08:30,10:30,CS-23,RC
G2,Wed,PH,10:30,11:30,CF-07,SG
G2,Wed,BEE,11:30,12:30,CF-07,VR
G2,Wed,M,13:30,14:30,CF-06,MNM
G1,Thu,SWAYAM/NPTEL,08:30,10:30,,
G1,Thu,BEE,10:30,11:30,CF-07,VR
G1,Thu,CSK,11:30,12:30,CF-07,RC
G1,Thu,BME,13:30,14:30,CF-06,DP
G2,Thu,SWAYAM/NPTEL,08:30,10:30,,
G2,Thu,BEE,10:30,11:30,CF-07,VR
G2,Thu,CSK,11:30,12:30,CF-07,RC
G2,Thu,BME,13:30,14:30,CF-06,DP
G1,Fri,G2LG LAB,08:30,10:30,CS-23,RC
G1,Fri,PH,09:30,10:30,CF-14,SG
G1,Fri,PH LAB,10:30,12:30,CF-11,SB
G1,Fri,EE LAB,10:30,12:30,BLG-17,VR
G1,Fri,M,13:30,14:30,CF-06,MNM
G1,Fri,Sports-I,14:30,15:30,,
G2,Fri,G2LG LAB,08:30,10:30,CS-23,RC
G2,Fri,PH,09:30,10:30,CF-14,SG
G2,Fri,PH LAB,10:30,12:30,CF-11,SB
G2,Fri,EE LAB,10:30,12:30,BLG-17,VR
G2,Fri,M,13:30,14:30,CF-06,MNM
G2,Fri,Sports-I,14:30,15:30,,
G1,Sat,M,08:30,09:30,CF-03,MNM
G1,Sat,EE LAB,10:30,12:30,BLG-17,VR
G1,Sat,CSK,11:30,12:30,CF-07,RC
G1,Sat,PH LAB,10:30,12:30,CF-10,SB
G2,Sat,M,08:30,09:30,CF-03,MNM
G2,Sat,EE LAB,10:30,12:30,BLG-17,VR
G2,Sat,CSK,11:30,12:30,CF-07,RC
G2,Sat,PH LAB,10:30,12:30,CF-10,SB
H1,Mon,SWAYAM/NPTEL,08:30,10:30,,
H1,Mon,CSK,10:30,11:30,CF-14,SHB
H1,Mon,M,11:30,12:30,CF-14,GT
H1,Mon,PH,13:30,14:30,CG-09,GKD
H2,Mon,LG LAB,08:30,10:30,CS-23,RC
H2,Mon,CSK,10:30,11:30,CF-14,SHB
H2,Mon,M,11:30,12:30,CF-14,GT
H2,Mon,PH,13:30,14:30,CG-09,GKD
H1,Tue,LG LAB,08:30,10:30,CS-23,RC
H1,Tue,M,10:30,11:30,CF-06,GT
H1,Tue,PH,11:30,12:30,CF-06,SKD
H1,Tue,CSK,13:30,14:30,CF-13,SHB
H2,Tue,SWAYAM/NPTEL,08:30,10:30,,
H2,Tue,M,10:30,11:30,CF-06,GT
H2,Tue,PH,11:30,12:30,CF-06,SKD
H2,Tue,CSK,13:30,14:30,CF-13,SHB
H1,Wed,BME,09:30,10:30,CF-13,AP
H1,Wed,Sports-I,10:30,11:30,,
H1,Wed,M,11:30,12:30,CG-08,GT
H1,Wed,MPWS,14:30,15:30,DG-06,FS
H2,Wed,BME,09:30,10:30,CF-13,AP
H2,Wed,Sports-I,10:30,11:30,,
H2,Wed,M,11:30,12:30,CG-08,GT
H2,Wed,MPWS,14:30,15:30,DG-06,FS
H1,Thu,PH,08:30,09:30,CF-13,NS
H1,Thu,BEE,09:30,10:30,CF-13,V Sh
H1,Thu,CAMD,13:30,14:30,CF-13,AP
H1,Thu,CAMD,14:30,15:30,CF-01,AP
H2,Thu,PH,08:30,09:30,CF-13,NS
H2,Thu,BEE,09:30,10:30,CF-13,V Sh
H2,Thu,CAMD,13:30,14:30,CF-13,AP
H2,Thu,MPWS,13:30,14:30,DG-06,BB
H2,Thu,CAMD,14:30,15:30,CF-01,AP
H2,Thu,MPWS,14:30,15:30,DG-06,BB
H1,Fri,PH LAB,08:30,10:30,CF-10,MP
H1,Fri,EE LAB,08:30,10:30,BLG-17,V Sh
H1,Fri,BME,11:30,12:30,CS-05,AP
H1,Fri,BEE,13:30,14:30,CF-13,V Sh
H2,Fri,PH LAB,08:30,10:30,CF-10,MP
H2,Fri,EE LAB,08:30,10:30,BLG-17,V Sh
H2,Fri,BME,11:30,12:30,CS-05,AP
H2,Fri,BEE,13:30,14:30,CF-13,V Sh
H1,Sat,EE LAB,08:30,10:30,BLG-17,V Sh
H1,Sat,PH LAB,08:30,10:30,CF-11,SB
H1,Sat,M,11:30,12:30,CG-09,GT
H1,Sat,PH,13:30,14:30,CF-13,NS
H2,Sat,EE LAB,08:30,10:30,BLG-17,V Sh
H2,Sat,PH LAB,08:30,10:30,CF-11,SB
H2,Sat,M,11:30,12:30,CG-09,GT
H2,Sat,PH,13:30,14:30,CF-13,NS
I1,Mon,M,09:30,10:30,CS-05,MNM
I1,Mon,BEE,10:30,11:30,CS-05,V Sh
I1,Mon,Sports-I,11:30,12:30,,
I1,Mon,PH LAB,13:30,15:30,CF-11,PKS
I1,Mon,EE LAB,13:30,15:30,BLG-18,V Sh
I2,Mon,M,09:30,10:30,CS-05,MNM
I2,Mon,BEE,10:30,11:30,CS-05,V Sh
I2,Mon,Sports-I,11:30,12:30,,
I2,Mon,PH LAB,13:30,15:30,CF-11,PKS
I2,Mon,EE LAB,13:30,15:30,BLG-18,V Sh
I1,Tue,BME,08:30,09:30,CF-13,YS
I1,Tue,M,09:30,10:30,CF-13,MNM
I1,Tue,EE LAB,13:30,15:30,BLG-18,V Sh
I1,Tue,PH LAB,13:30,15:30,CF-11,SB
I2,Tue,BME,08:30,09:30,CF-13,YS
I2,Tue,M,09:30,10:30,CF-13,MNM
I2,Tue,EE LAB,13:30,15:30,BLG-18,V Sh
I2,Tue,PH LAB,13:30,15:30,CF-11,SB
I1,Wed,CSK,08:30,09:30,CF-14,SK
I1,Wed,PH,09:30,10:30,CF-14,PKS
I1,Wed,SWAYAM/NPTEL,10:30,11:30,,
I1,Wed,LG LAB,10:30,11:30,CS-23,SK
I1,Wed,BEE,13:30,14:30,CG-08,V Sh
I2,Wed,CSK,08:30,09:30,CF-14,SK
I2,Wed,PH,09:30,10:30,CF-14,PKS
I2,Wed,SWAYAM/NPTEL,10:30,11:30,,
I2,Wed,LG LAB,10:30,11:30,CS-23,SK
I2,Wed,BEE,13:30,14:30,CG-08,V Sh
I1,Thu,M,08:30,09:30,CF-14,MNM
I1,Thu,CSK,09:30,10:30,CF-13,SK
I1,Thu,LG LAB,10:30,12:30,CS-23,DS
I1,Thu,SWAYAM/NPTEL,11:30,12:30,,
I1,Thu,PH,13:30,14:30,CF-07,PKS
I2,Thu,M,08:30,09:30,CF-14,MNM
I2,Thu,CSK,09:30,10:30,CF-13,SK
I2,Thu,LG LAB,10:30,12:30,CS-23,DS
I2,Thu,SWAYAM/NPTEL,11:30,12:30,,
I2,Thu,PH,13:30,14:30,CF-07,PKS
I1,Fri,BME,09:30,10:30,CS-05,YS
I1,Fri,PH,10:30,11:30,CS-05,MP
I1,Fri,CAMD,12:30,13:30,CF-03,VS
I1,Fri,MPWS,13:30,14:30,DG-06,FS
I1,Fri,CAMD,13:30,15:30,CF-02,VS
I2,Fri,BME,09:30,10:30,CS-05,YS
I2,Fri,PH,10:30,11:30,CS-05,MP
I2,Fri,CAMD,12:30,13:30,CF-03,VS
I2,Fri,MPWS,13:30,14:30,DG-06,FS
I2,Fri,CAMD,13:30,15:30,CF-02,VS
I1,Sat,PH,08:30,09:30,CF-14,MP
I1,Sat,M,09:30,10:30,CF-14,MNM
I1,Sat,CAMD,13:30,14:30,CF-01,VS
I1,Sat,MPWS,13:30,15:30,DG-06,AS
I2,Sat,PH,08:30,09:30,CF-14,MP
I2,Sat,M,09:30,10:30,CF-14,MNM
I2,Sat,CAMD,13:30,14:30,CF-01,VS
I2,Sat,MPWS,13:30,15:30,DG-06,AS
J1,Mon,PH LAB,08:30,10:30,CF-11,SG
J1,Mon,BEE,11:30,12:30,CS-05,RS
J1,Mon,LG LAB,13:30,14:30,CS-23,SK
J1,Mon,SWAYAM/NPTEL,14:30,15:30,,
J2,Mon,EE LAB,08:30,10:30,BLG-18,RS
J2,Mon,BEE,11:30,12:30,CS-05,RS
J2,Mon,LG LAB,13:30,14:30,CS-23,SK
J2,Mon,SWAYAM/NPTEL,14:30,15:30,,
J1,Tue,PH LAB,08:30,10:30,CF-11,SG
J1,Tue,BEE,11:30,12:30,CG-09,RS
J1,Tue,M,11:30,12:30,CF-14,MNM
J1,Tue,Sports-I,11:30,12:30,,
J2,Tue,EE LAB,08:30,10:30,BLG-18,RS
J2,Tue,BEE,11:30,12:30,CG-09,RS
J2,Tue,M,11:30,12:30,CF-14,MNM
J2,Tue,Sports-I,11:30,12:30,,
J1,Wed,M,08:30,09:30,CS-05,MNM
J1,Wed,CAMD,09:30,10:30,CS-05,SS
J1,Wed,CAMD,10:30,11:30,CS-17,SS
J1,Wed,MPWS,10:30,11:30,DG-06,AS
J1,Wed,PH,13:30,14:30,CF-07,MP
J2,Wed,M,08:30,09:30,CS-05,MNM
J2,Wed,CAMD,09:30,10:30,CS-05,SS
J2,Wed,CAMD,10:30,11:30,CS-17,SS
J2,Wed,MPWS,10:30,11:30,DG-06,AS
J2,Wed,PH,13:30,14:30,CF-07,MP
J1,Thu,PH,08:30,09:30,CF-03,MP
J1,Thu,MPWS,10:30,11:30,DG-06,PM
J1,Thu,CAMD,10:30,11:30,CS-17,SS
J1,Thu,SWAYAM/NPTEL,14:30,15:30,,
J1,Thu,LG LAB,14:30,15:30,CS-22,LKR
J2,Thu,PH,08:30,09:30,CF-03,MP
J2,Thu,MPWS,10:30,11:30,DG-06,PM
J2,Thu,CAMD,10:30,11:30,CS-17,SS
J2,Thu,SWAYAM/NPTEL,14:30,15:30,,
J2,Thu,LG LAB,14:30,15:30,CS-22,LKR
J1,Fri,PH,08:30,09:30,CS-08,PKS
J1,Fri,CSK,09:30,10:30,CS-08,SK
J1,Fri,M,10:30,11:30,CS-08,MNM
J1,Fri,BME,11:30,12:30,CF-07,SS
J2,Fri,PH,08:30,09:30,CS-08,PKS
J2,Fri,CSK,09:30,10:30,CS-08,SK
J2,Fri,M,10:30,11:30,CS-08,MNM
J2,Fri,BME,11:30,12:30,CF-07,SS
J1,Sat,CSK,09:30,10:30,CS-05,SK
J1,Sat,PH,10:30,11:30,CS-05,PKS
J1,Sat,BME,11:30,12:30,CS-05,SS
J1,Sat,M,11:30,12:30,CS-05,MNM
J2,Sat,CSK,09:30,10:30,CS-05,SK
J2,Sat,PH,10:30,11:30,CS-05,PKS
J2,Sat,BME,11:30,12:30,CS-05,SS
J2,Sat,M,11:30,12:30,CS-05,MNM
K1,Mon,SWAYAM/NPTEL,08:30,10:30,,
K1,Mon,PH,10:30,11:30,CS-08,SB
K1,Mon,M,11:30,12:30,CS-08,SKB
K1,Mon,CSK,13:30,14:30,CF-07,DS
K2,Mon,LG LAB,08:30,10:30,CS-22,SHB
K2,Mon,PH,10:30,11:30,CS-08,SB
K2,Mon,M,11:30,12:30,CS-08,SKB
K2,Mon,CSK,13:30,14:30,CF-07,DS
K1,Tue,LG LAB,08:30,10:30,CS-22,SHB
K1,Tue,PH,10:30,11:30,CF-14,SB
K1,Tue,CSK,13:30,14:30,CS-05,DS
K1,Tue,M,14:30,15:30,CS-05,SKB
K2,Tue,SWAYAM/NPTEL,08:30,10:30,,
K2,Tue,PH,10:30,11:30,CF-14,SB
K2,Tue,CSK,13:30,14:30,CS-05,DS
K2,Tue,M,14:30,15:30,CS-05,SKB
K1,Wed,M,08:30,09:30,CG-09,SKB
K1,Wed,MPWS,10:30,11:30,DG-04,LKS
K1,Wed,CAMD,10:30,11:30,CF-01,YS
K1,Wed,BME,13:30,14:30,CF-13,YS
K1,Wed,Sports-I,14:30,15:30,,
K2,Wed,M,08:30,09:30,CG-09,SKB
K2,Wed,MPWS,10:30,11:30,DG-04,LKS
K2,Wed,CAMD,10:30,11:30,CF-01,YS
K2,Wed,BME,13:30,14:30,CF-13,YS
K2,Wed,Sports-I,14:30,15:30,,
K1,Thu,PH,08:30,09:30,CS-05,SB
K1,Thu,CAMD,09:30,10:30,CS-05,YS
K1,Thu,CAMD,10:30,11:30,CF-01,YS
K1,Thu,MPWS,10:30,11:30,DG-04,LKS
K1,Thu,BEE,13:30,14:30,CF-13,SKG
K2,Thu,PH,08:30,09:30,CS-05,SB
K2,Thu,CAMD,09:30,10:30,CS-05,YS
K2,Thu,CAMD,10:30,11:30,CF-01,YS
K2,Thu,MPWS,10:30,11:30,DG-04,LKS
K2,Thu,BEE,13:30,14:30,CF-13,SKG
K1,Fri,PH LAB,08:30,10:30,CF-11,SKD
K1,Fri,EE LAB,08:30,10:30,BLG-18,SKG
K1,Fri,BME,10:30,11:30,CF-06,YS
K1,Fri,BEE,13:30,14:30,CS-05,SKG
K2,Fri,PH LAB,08:30,10:30,CF-11,SKD
K2,Fri,EE LAB,08:30,10:30,BLG-18,SKG
K2,Fri,BME,10:30,11:30,CF-06,YS
K2,Fri,BEE,13:30,14:30,CS-05,SKG
K1,Sat,EE LAB,08:30,10:30,BLG-18,SKG
K1,Sat,PH LAB,08:30,10:30,CF-10,NS
K1,Sat,M,11:30,12:30,CF-07,SKB
K1,Sat,PH,11:30,12:30,CF-14,SB
K2,Sat,EE LAB,08:30,10:30,BLG-18,SKG
K2,Sat,PH LAB,08:30,10:30,CF-10,NS
K2,Sat,M,11:30,12:30,CF-07,SKB
K2,Sat,PH,11:30,12:30,CF-14,SB
L1,Mon,BEE,08:30,09:30,CF-13,N Ag
L1,Mon,PH,09:30,10:30,CF-13,NS
L1,Mon,SWAYAM/NPTEL,10:30,11:30,,
L1,Mon,LG LAB,10:30,11:30,CS-23,SK
L1,Mon,M,13:30,14:30,CF-13,KP
L2,Mon,BEE,08:30,09:30,CF-13,N Ag
L2,Mon,PH,09:30,10:30,CF-13,NS
L2,Mon,SWAYAM/NPTEL,10:30,11:30,,
L2,Mon,LG LAB,10:30,11:30,CS-23,SK
L2,Mon,M,13:30,14:30,CF-13,KP
L1,Tue,BME,08:30,09:30,CF-14,HCN
L1,Tue,M,09:30,10:30,CF-14,KP
L1,Tue,LG LAB,10:30,11:30,CS-23,SK
L1,Tue,SWAYAM/NPTEL,11:30,12:30,,
L1,Tue,BEE,14:30,15:30,CF-08,N Ag
L2,Tue,BME,08:30,09:30,CF-14,HCN
L2,Tue,M,09:30,10:30,CF-14,KP
L2,Tue,LG LAB,10:30,11:30,CS-23,SK
L2,Tue,SWAYAM/NPTEL,11:30,12:30,,
L2,Tue,BEE,14:30,15:30,CF-08,N Ag
L1,Wed,MPWS,08:30,10:30,DG-04,LKS
L1,Wed,M,10:30,11:30,CF-13,KP
L1,Wed,PH,14:30,15:30,CF-14,NS
L2,Wed,CAMD,08:30,10:30,DS-08,HCN
L2,Wed,M,10:30,11:30,CF-13,KP
L2,Wed,PH,14:30,15:30,CF-14,NS
L1,Thu,BME,08:30,09:30,CF-07,HCN
L1,Thu,PH,09:30,10:30,CF-13,SKD
L1,Thu,M,10:30,11:30,CF-13,KP
L1,Thu,CSK,14:30,15:30,CF-14,DS
L2,Thu,BME,08:30,09:30,CF-07,HCN
L2,Thu,PH,09:30,10:30,CF-13,SKD
L2,Thu,M,10:30,11:30,CF-13,KP
L2,Thu,CSK,14:30,15:30,CF-14,DS
L1,Fri,Sports-I,09:30,10:30,,
L1,Fri,CSK,10:30,11:30,CF-14,DS
L1,Fri,PH,11:30,12:30,CF-14,SKD
L1,Fri,EE LAB,13:30,14:30,BLG-18,N Ag
L1,Fri,PH LAB,13:30,14:30,CF-11,NS
L2,Fri,Sports-I,09:30,10:30,,
L2,Fri,CSK,10:30,11:30,CF-14,DS
L2,Fri,PH,11:30,12:30,CF-14,SKD
L2,Fri,EE LAB,13:30,14:30,BLG-18,N Ag
L2,Fri,PH LAB,13:30,14:30,CF-11,NS
L1,Sat,CAMD,08:30,09:30,DS-08,HCN
L1,Sat,MPWS,08:30,09:30,DG-04,MPS
L1,Sat,CAMD,11:30,12:30,CF-06,HCN
L1,Sat,PH LAB,14:30,15:30,CF-11,SKD
L1,Sat,EE LAB,14:30,15:30,BLG-18,N Ag
L2,Sat,CAMD,08:30,09:30,DS-08,HCN
L2,Sat,MPWS,08:30,09:30,DG-04,MPS
L2,Sat,CAMD,11:30,12:30,CF-06,HCN
L2,Sat,PH LAB,14:30,15:30,CF-11,SKD
L2,Sat,EE LAB,14:30,15:30,BLG-18,N Ag
M1,Mon,CSK,08:30,09:30,CF-14,SK
M1,Mon,CAMD,09:30,10:30,CF-14,AB
M1,Mon,CAMD,10:30,11:30,CS-17,AB
M1,Mon,MPWS,10:30,11:30,DG-04,DSB
M1,Mon,M,13:30,14:30,CF-14,RM
M2,Mon,CSK,08:30,09:30,CF-14,SK
M2,Mon,CAMD,09:30,10:30,CF-14,AB
M2,Mon,CAMD,10:30,11:30,CS-17,AB
M2,Mon,MPWS,10:30,11:30,DG-04,DSB
M2,Mon,M,13:30,14:30,CF-14,RM
M1,Tue,CSK,09:30,10:30,CS-05,SK
M1,Tue,MPWS,10:30,11:30,DG-04,DSB
M1,Tue,CAMD,10:30,11:30,CS-17,AB
M1,Tue,Sports-I,11:30,12:30,,
M2,Tue,CSK,09:30,10:30,CS-05,SK
M2,Tue,MPWS,10:30,11:30,DG-04,DSB
M2,Tue,CAMD,10:30,11:30,CS-17,AB
M2,Tue,Sports-I,11:30,12:30,,
M1,Wed,M,09:30,10:30,CS-08,ST
M1,Wed,BEE,10:30,11:30,CS-08,RS
M1,Wed,PH,11:30,12:30,CS-08,SKD
M1,Wed,BME,13:30,14:30,CS-05,AB
M2,Wed,M,09:30,10:30,CS-08,ST
M2,Wed,BEE,10:30,11:30,CS-08,RS
M2,Wed,PH,11:30,12:30,CS-08,SKD
M2,Wed,BME,13:30,14:30,CS-05,AB
M1,Thu,BME,08:30,09:30,CS-08,AB
M1,Thu,BEE,09:30,10:30,CS-08,RS
M1,Thu,PH,11:30,12:30,CF-14,NS
M2,Thu,BME,08:30,09:30,CS-08,AB
M2,Thu,BEE,09:30,10:30,CS-08,RS
M2,Thu,PH,11:30,12:30,CF-14,NS
M1,Fri,SWAYAM/NPTEL,08:30,10:30,,
M1,Fri,M,10:30,11:30,CF-13,ST
M1,Fri,PH,11:30,12:30,CF-13,NS
M1,Fri,EE LAB,13:30,14:30,BLG-17,RS
M1,Fri,PH LAB,13:30,14:30,CF-10,PKS
M2,Fri,SWAYAM/NPTEL,08:30,10:30,,
M2,Fri,M,10:30,11:30,CF-13,ST
M2,Fri,PH,11:30,12:30,CF-13,NS
M2,Fri,EE LAB,13:30,14:30,BLG-17,RS
M2,Fri,PH LAB,13:30,14:30,CF-10,PKS
M1,Sat,LG LAB,08:30,10:30,CS-23,DS
M1,Sat,PH,10:30,11:30,CS-08,SKD
M1,Sat,M,11:30,12:30,CF-14,ST
M1,Sat,PH LAB,13:30,14:30,CF-10,SG
M1,Sat,EE LAB,13:30,14:30,BLG-17,RS
M2,Sat,LG LAB,08:30,10:30,CS-23,DS
M2,Sat,PH,10:30,11:30,CS-08,SKD
M2,Sat,M,11:30,12:30,CF-14,ST
M2,Sat,PH LAB,13:30,14:30,CF-10,SG
M2,Sat,EE LAB,13:30,14:30,BLG-17,RS
N1,Mon,BME,08:30,09:30,CF-03,HCN
N1,Mon,M,09:30,10:30,CF-03,RM
N1,Mon,EE LAB,10:30,12:30,BLG-18,SKG
N2,Mon,BME,08:30,09:30,CF-03,HCN
N2,Mon,M,09:30,10:30,CF-03,RM
N2,Mon,EE LAB,10:30,12:30,BLG-18,SKG
N1,Tue,Sports-I,08:30,09:30,,
N1,Tue,BEE,09:30,10:30,CS-05,SKG
N1,Tue,PH LAB,10:30,12:30,CF-10,MP
N1,Tue,SWAYAM/NPTEL,14:30,15:30,,
N2,Tue,Sports-I,08:30,09:30,,
N2,Tue,BEE,09:30,10:30,CS-05,SKG
N2,Tue,PH LAB,10:30,12:30,CF-10,MP
N2,Tue,SWAYAM/NPTEL,14:30,15:30,,
N1,Wed,CSK,08:30,09:30,CF-03,SC
N1,Wed,PH,09:30,10:30,CF-03,SG
N1,Wed,M,10:30,11:30,CF-03,RM
N1,Wed,LG LAB,13:30,14:30,CS-22,SC
N2,Wed,CSK,08:30,09:30,CF-03,SC
N2,Wed,PH,09:30,10:30,CF-03,SG
N2,Wed,M,10:30,11:30,CF-03,RM
N2,Wed,LG LAB,13:30,14:30,CS-22,SC
N1,Thu,BEE,08:30,09:30,CF-03,SKG
N1,Thu,PH,09:30,10:30,CF-03,SG
N1,Thu,CSK,10:30,11:30,CF-03,SC
N1,Thu,M,11:30,12:30,CF-03,RM
N2,Thu,BEE,08:30,09:30,CF-03,SKG
N2,Thu,PH,09:30,10:30,CF-03,SG
N2,Thu,CSK,10:30,11:30,CF-03,SC
N2,Thu,M,11:30,12:30,CF-03,RM
N1,Fri,PH,08:30,09:30,CF-03,SG
N1,Fri,CAMD,09:30,10:30,CF-03,AB
N1,Fri,MPWS,10:30,11:30,DG-08,FS
N2,Fri,PH,08:30,09:30,CF-03,SG
N2,Fri,CAMD,09:30,10:30,CF-03,AB
N2,Fri,MPWS,10:30,11:30,DG-08,FS
N1,Sat,M,08:30,09:30,CF-03,RM
N1,Sat,PH,09:30,10:30,CF-03,SG
N1,Sat,CAMD,10:30,11:30,CS-17,AB
N1,Sat,BME,14:30,15:30,CF-03,HCN
N2,Sat,M,08:30,09:30,CF-03,RM
N2,Sat,PH,09:30,10:30,CF-03,SG
N2,Sat,CAMD,10:30,11:30,CS-17,AB
N2,Sat,BME,14:30,15:30,CF-03,HCN
O1,Mon,PPS,08:30,09:30,CS-09,HM
O1,Mon,CP LAB,10:30,11:30,CS-21,HM
O1,Mon,CH,13:30,14:30,CS-09,AG
O2,Mon,PPS,08:30,09:30,CS-09,HM
O2,Mon,CAFG,10:30,11:30,CF-02,JS
O2,Mon,CH,13:30,14:30,CS-09,AG
O1,Tue,M,08:30,09:30,CS-09,ST
O1,Tue,HV LAB,09:30,10:30,CS-09,RM
O1,Tue,CP LAB,10:30,11:30,CS-21,HM
O1,Tue,CAFG,13:30,14:30,CS-09,HCN
O2,Tue,M,08:30,09:30,CS-09,ST
O2,Tue,HV LAB,09:30,10:30,CS-09,RM
O2,Tue,CAFG,10:30,11:30,CF-02,JS
O2,Tue,CAFG,13:30,14:30,CS-09,HCN
O1,Wed,CE LAB,08:30,10:30,CLG-19,VC
O1,Wed,M,13:30,14:30,CS-09,ST
O1,Wed,CH,14:30,15:30,CS-09,AG
O2,Wed,CH LAB,08:30,10:30,CG-14,AG
O2,Wed,M,13:30,14:30,CS-09,ST
O2,Wed,CH,14:30,15:30,CS-09,AG
O1,Thu,CH LAB,08:30,10:30,CG-14,AG
O1,Thu,M,13:30,14:30,CS-09,ST
O1,Thu,CH,14:30,15:30,CS-09,AG
O2,Thu,CE LAB,08:30,10:30,CLG-19,VC
O2,Thu,M,13:30,14:30,CS-09,ST
O2,Thu,CH,14:30,15:30,CS-09,AG
O1,Fri,PPS,08:30,09:30,CS-09,HM
O1,Fri,HV,09:30,10:30,CS-09,RM
O1,Fri,BCE,10:30,11:30,CS-09,VC
O1,Fri,M,13:30,14:30,CS-09,ST
O1,Fri,SWAYAM/NPTEL,14:30,15:30,,
O2,Fri,PPS,08:30,09:30,CS-09,HM
O2,Fri,HV,09:30,10:30,CS-09,RM
O2,Fri,BCE,10:30,11:30,CS-09,VC
O2,Fri,M,13:30,14:30,CS-09,ST
O2,Fri,SWAYAM/NPTEL,14:30,15:30,,
O1,Sat,CH,09:30,10:30,CS-09,AG
O1,Sat,PPS,10:30,11:30,CS-09,HM
O1,Sat,BCE,13:30,14:30,CS-09,VC
O1,Sat,Sports-I,14:30,15:30,,
O2,Sat,CH,09:30,10:30,CS-09,AG
O2,Sat,PPS,10:30,11:30,CS-09,HM
O2,Sat,BCE,13:30,14:30,CS-09,VC
O2,Sat,Sports-I,14:30,15:30,,
P1,Mon,M,09:30,10:30,CS-09,TG
P1,Mon,CH,10:30,11:30,CS-09,RS
P1,Mon,CAFG,11:30,12:30,CS-09,CAFG
P1,Mon,CE LAB,13:30,14:30,CF-17,SJ
P1,Mon,CH LAB,13:30,14:30,CG-20,RS
P2,Mon,M,09:30,10:30,CS-09,TG
P2,Mon,CH,10:30,11:30,CS-09,RS
P2,Mon,CAFG,11:30,12:30,CS-09,CAFG
P2,Mon,CE LAB,13:30,14:30,CF-17,SJ
P2,Mon,CH LAB,13:30,14:30,CG-20,RS
P1,Tue,Sports-I,08:30,09:30,,
P1,Tue,M,09:30,10:30,CS-09,TG
P1,Tue,PPS,11:30,12:30,CS-09,POS
P1,Tue,CH LAB,13:30,14:30,CG-20,RS
P1,Tue,CE LAB,13:30,14:30,CF-17,SJ
P2,Tue,Sports-I,08:30,09:30,,
P2,Tue,M,09:30,10:30,CS-09,TG
P2,Tue,PPS,11:30,12:30,CS-09,POS
P2,Tue,CH LAB,13:30,14:30,CG-20,RS
P2,Tue,CE LAB,13:30,14:30,CF-17,SJ
P1,Wed,HV,08:30,09:30,CS-09,BS
P1,Wed,PPS,09:30,10:30,CS-09,POS
P1,Wed,BCE,10:30,11:30,CS-09,SJ
P1,Wed,CH,11:30,12:30,CS-09,RS
P1,Wed,SWAYAM/NPTEL,14:30,15:30,,
P2,Wed,HV,08:30,09:30,CS-09,BS
P2,Wed,PPS,09:30,10:30,CS-09,POS
P2,Wed,BCE,10:30,11:30,CS-09,SJ
P2,Wed,CH,11:30,12:30,CS-09,RS
P2,Wed,SWAYAM/NPTEL,14:30,15:30,,
P1,Thu,M,08:30,09:30,CS-09,TG
P1,Thu,BCE,09:30,10:30,CS-09,SJ
P1,Thu,CH,10:30,11:30,CS-09,RS
P1,Thu,HV LAB,13:30,14:30,CS-09,BS
P2,Thu,M,08:30,09:30,CS-09,TG
P2,Thu,BCE,09:30,10:30,CS-09,SJ
P2,Thu,CH,10:30,11:30,CS-09,RS
P2,Thu,HV LAB,13:30,14:30,CS-09,BS
P1,Fri,CAFG,08:30,09:30,CF-02,NC
P1,Fri,CP LAB,08:30,09:30,CG-12,POS
P1,Fri,CH,11:30,12:30,CS-09,RS
P1,Fri,PPS,13:30,14:30,CS-05,POS
P2,Fri,CAFG,08:30,09:30,CF-02,NC
P2,Fri,CP LAB,08:30,09:30,CG-12,POS
P2,Fri,CH,11:30,12:30,CS-09,RS
P2,Fri,PPS,13:30,14:30,CS-05,POS
P1,Sat,CP LAB,08:30,09:30,CG-12,PS
P1,Sat,CAFG,08:30,09:30,CF-02,SPS
P1,Sat,M,11:30,12:30,CS-09,TG
P1,Sat,CAFG,13:30,14:30,CS-09,SPS
P2,Sat,CP LAB,08:30,09:30,CG-12,PS
P2,Sat,CAFG,08:30,09:30,CF-02,SPS
P2,Sat,M,11:30,12:30,CS-09,TG
P2,Sat,CAFG,13:30,14:30,CS-09,SPS
Q1,Mon,CAFG,08:30,09:30,DS-06,YD
Q1,Mon,CP LAB,08:30,09:30,CS-21,HKS
Q1,Mon,PPS,11:30,12:30,CS-18,BKS
Q1,Mon,M,13:30,14:30,CS-18,SKS
Q2,Mon,CAFG,08:30,09:30,DS-06,YD
Q2,Mon,CP LAB,08:30,09:30,CS-21,HKS
Q2,Mon,PPS,11:30,12:30,CS-18,BKS
Q2,Mon,M,13:30,14:30,CS-18,SKS
Q1,Tue,CP LAB,08:30,09:30,CS-21,BKS
Q1,Tue,CAFG,08:30,09:30,DS-06,YD
Q1,Tue,CH,11:30,12:30,CS-18,SKA
Q1,Tue,M,13:30,14:30,CT-12,SKS
Q2,Tue,CP LAB,08:30,09:30,CS-21,BKS
Q2,Tue,CAFG,08:30,09:30,DS-06,YD
Q2,Tue,CH,11:30,12:30,CS-18,SKA
Q2,Tue,M,13:30,14:30,CT-12,SKS
Q1,Wed,M,08:30,09:30,CS-18,SKS
Q1,Wed,BCE,09:30,10:30,CS-18,RR
Q1,Wed,HV LAB,10:30,11:30,CS-18,RM
Q1,Wed,PPS,13:30,14:30,CS-18,BKS
Q2,Wed,M,08:30,09:30,CS-18,SKS
Q2,Wed,BCE,09:30,10:30,CS-18,RR
Q2,Wed,HV LAB,10:30,11:30,CS-18,RM
Q2,Wed,PPS,13:30,14:30,CS-18,BKS
Q1,Thu,BCE,08:30,09:30,CS-18,RR
Q1,Thu,CH,09:30,10:30,CS-18,SKA
Q1,Thu,HV,10:30,11:30,CS-18,RM
Q1,Thu,SWAYAM/NPTEL,13:30,14:30,,
Q2,Thu,BCE,08:30,09:30,CS-18,RR
Q2,Thu,CH,09:30,10:30,CS-18,SKA
Q2,Thu,HV,10:30,11:30,CS-18,RM
Q2,Thu,SWAYAM/NPTEL,13:30,14:30,,
Q1,Fri,Sports-I,08:30,09:30,,
Q1,Fri,CAFG,09:30,10:30,CS-18,DSR
Q1,Fri,CH,10:30,11:30,CS-18,SKA
Q1,Fri,CE LAB,13:30,14:30,CF-17,VC
Q1,Fri,CH LAB,13:30,14:30,CG-14,RV
Q2,Fri,Sports-I,08:30,09:30,,
Q2,Fri,CAFG,09:30,10:30,CS-18,DSR
Q2,Fri,CH,10:30,11:30,CS-18,SKA
Q2,Fri,CE LAB,13:30,14:30,CF-17,VC
Q2,Fri,CH LAB,13:30,14:30,CG-14,RV
Q1,Sat,M,08:30,09:30,CS-18,SKS
Q1,Sat,PPS,09:30,10:30,CS-18,BKS
Q1,Sat,CH,10:30,11:30,CS-18,SKA
Q1,Sat,CH LAB,13:30,14:30,CG-14,RV
Q1,Sat,CE LAB,13:30,14:30,CF-17,NJ
Q2,Sat,M,08:30,09:30,CS-18,SKS
Q2,Sat,PPS,09:30,10:30,CS-18,BKS
Q2,Sat,CH,10:30,11:30,CS-18,SKA
Q2,Sat,CH LAB,13:30,14:30,CG-14,RV
Q2,Sat,CE LAB,13:30,14:30,CF-17,NJ
R1,Mon,BCE,09:30,10:30,CS-18,RR
R1,Mon,M,10:30,11:30,CS-18,GT
R1,Mon,CAFG,11:30,12:30,CS-18,YD
R1,Mon,Sports-I,13:30,14:30,,
R2,Mon,BCE,09:30,10:30,CS-18,RR
R2,Mon,M,10:30,11:30,CS-18,GT
R2,Mon,CAFG,11:30,12:30,CS-18,YD
R2,Mon,Sports-I,13:30,14:30,,
R1,Tue,HV,08:30,09:30,CS-18,RB
R1,Tue,BCE,09:30,10:30,CS-18,RR
R1,Tue,CH,10:30,11:30,CS-18,PP
R1,Tue,PPS,12:30,13:30,CS-18,PS
R1,Tue,M,13:30,14:30,CS-18,GT
R2,Tue,HV,08:30,09:30,CS-18,RB
R2,Tue,BCE,09:30,10:30,CS-18,RR
R2,Tue,CH,10:30,11:30,CS-18,PP
R2,Tue,PPS,12:30,13:30,CS-18,PS
R2,Tue,M,13:30,14:30,CS-18,GT
R1,Wed,CP LAB,08:30,09:30,CS-22,RB
R1,Wed,CAFG,08:30,09:30,CS-17,AB
R1,Wed,PPS,12:30,13:30,CS-18,PS
R1,Wed,SWAYAM/NPTEL,14:30,15:30,,
R2,Wed,CP LAB,08:30,09:30,CS-22,RB
R2,Wed,CAFG,08:30,09:30,CS-17,AB
R2,Wed,CH,12:30,13:30,CS-18,PP
R2,Wed,SWAYAM/NPTEL,14:30,15:30,,
R1,Thu,CAFG,08:30,09:30,CS-17,YD
R1,Thu,CP LAB,08:30,09:30,CS-22,PS
R1,Thu,CH,11:30,12:30,CS-18,PP
R1,Thu,PPS,13:30,14:30,CS-18,PS
R2,Thu,CAFG,08:30,09:30,CS-17,YD
R2,Thu,CP LAB,08:30,09:30,CS-22,PS
R2,Thu,CH,11:30,12:30,CS-18,PP
R2,Thu,PPS,13:30,14:30,CS-18,PS
R1,Fri,CE LAB,08:30,09:30,CF-17,VC
R1,Fri,CH LAB,08:30,09:30,CG-20,BS
R1,Fri,CH,11:30,12:30,CS-18,PP
R1,Fri,M,13:30,14:30,CS-18,GT
R1,Fri,PPS,13:30,14:30,CS-18,PS
R2,Fri,CE LAB,08:30,09:30,CF-17,VC
R2,Fri,CH LAB,08:30,09:30,CG-20,BS
R2,Fri,CH,11:30,12:30,CS-18,PP
R2,Fri,M,13:30,14:30,CS-18,GT
R2,Fri,PPS,13:30,14:30,CS-18,PS
R1,Sat,CH LAB,08:30,09:30,CG-20,SHK
R1,Sat,CE LAB,08:30,09:30,CF-17,RR
R1,Sat,HV LAB,11:30,12:30,CS-18,RB
R1,Sat,M,13:30,14:30,CS-18,GT
R2,Sat,CH LAB,08:30,09:30,CG-20,SHK
R2,Sat,CE LAB,08:30,09:30,CF-17,RR
R2,Sat,HV LAB,11:30,12:30,CS-18,RB
R2,Sat,M,13:30,14:30,CS-18,GT
S1,Mon,CH,09:30,10:30,CT-13,RV
S1,Mon,M,10:30,11:30,CT-13,VS
S1,Mon,PPS,11:30,12:30,CT-13,PS
S1,Mon,Sports-I,13:30,14:30,,
S2,Mon,CH,09:30,10:30,CT-13,RV
S2,Mon,M,10:30,11:30,CT-13,VS
S2,Mon,PPS,11:30,12:30,CT-13,PS
S2,Mon,Sports-I,13:30,14:30,,
S1,Tue,BCE,09:30,10:30,CT-13,NJ
S1,Tue,CH,10:30,11:30,CT-13,RV
S1,Tue,PPS,11:30,12:30,CT-13,PS
S1,Tue,HV,13:30,14:30,CG-08,VS
S2,Tue,BCE,09:30,10:30,CT-13,NJ
S2,Tue,CH,10:30,11:30,CT-13,RV
S2,Tue,PPS,11:30,12:30,CT-13,PS
S2,Tue,HV,13:30,14:30,CG-08,VS
S1,Wed,M,08:30,09:30,CT-13,VS
S1,Wed,HV LAB,09:30,10:30,CT-13,VS
S1,Wed,CP LAB,10:30,11:30,CS-22,PS
S1,Wed,CAFG,10:30,11:30,CF-02,AP
S1,Wed,PPS,13:30,14:30,CT-13,PS
S2,Wed,M,08:30,09:30,CT-13,VS
S2,Wed,HV LAB,09:30,10:30,CT-13,VS
S2,Wed,CP LAB,10:30,11:30,CS-22,PS
S2,Wed,CAFG,10:30,11:30,CF-02,AP
S2,Wed,PPS,13:30,14:30,CT-13,PS
S1,Thu,SWAYAM/NPTEL,08:30,10:30,,
S1,Thu,CAFG,10:30,11:30,CF-02,DSR
S1,Thu,CP LAB,10:30,11:30,CS-22,BKC
S1,Thu,CAFG,13:30,14:30,CS-08,DSR
S2,Thu,SWAYAM/NPTEL,08:30,10:30,,
S2,Thu,CAFG,10:30,11:30,CF-02,DSR
S2,Thu,CP LAB,10:30,11:30,CS-22,BKC
S2,Thu,CAFG,13:30,14:30,CS-08,DSR
S1,Fri,CH,09:30,10:30,CT-13,RV
S1,Fri,CE LAB,10:30,11:30,CLG-19,RR
S1,Fri,CH LAB,10:30,11:30,CG-14,RM
S1,Fri,M,13:30,14:30,CT-13,VS
S1,Fri,BCE,13:30,14:30,CT-13,NJ
S2,Fri,CH,09:30,10:30,CT-13,RV
S2,Fri,CE LAB,10:30,11:30,CLG-19,RR
S2,Fri,CH LAB,10:30,11:30,CG-14,RM
S2,Fri,M,13:30,14:30,CT-13,VS
S2,Fri,BCE,13:30,14:30,CT-13,NJ
S1,Sat,CH,09:30,10:30,CT-12,RV
S1,Sat,CH LAB,10:30,11:30,CG-14,PP
S1,Sat,CE LAB,10:30,11:30,CLG-19,NJ
S1,Sat,M,11:30,12:30,CT-13,VS
S2,Sat,CH,09:30,10:30,CT-12,RV
S2,Sat,CH LAB,10:30,11:30,CG-14,PP
S2,Sat,CE LAB,10:30,11:30,CLG-19,NJ
S2,Sat,M,11:30,12:30,CT-13,VS
T1,Mon,M,08:30,09:30,CS-04,GT
T1,Mon,PPS,10:30,11:30,CS-04,RKC
T1,Mon,BCE,11:30,12:30,CS-04,AA
T1,Mon,HV,13:30,14:30,CS-04,SHB
T2,Mon,M,08:30,09:30,CS-04,GT
T2,Mon,PPS,10:30,11:30,CS-04,RKC
T2,Mon,BCE,11:30,12:30,CS-04,AA
T2,Mon,HV,13:30,14:30,CS-04,SHB
T1,Tue,CH,09:30,10:30,CS-04,SKA
T1,Tue,PPS,10:30,11:30,CS-04,RKC
T1,Tue,HV LAB,11:30,12:30,CS-04,SHB
T1,Tue,Sports-I,14:30,15:30,,
T2,Tue,CH,09:30,10:30,CS-04,SKA
T2,Tue,PPS,10:30,11:30,CS-04,RKC
T2,Tue,HV LAB,11:30,12:30,CS-04,SHB
T2,Tue,Sports-I,14:30,15:30,,
T1,Wed,CH,08:30,09:30,CS-04,SKA
T1,Wed,CE LAB,10:30,11:30,CF-17,AA
T1,Wed,CH LAB,10:30,11:30,CG-20,SKA
T1,Wed,SWAYAM/NPTEL,14:30,15:30,,
T2,Wed,CH,08:30,09:30,CS-04,SKA
T2,Wed,CE LAB,10:30,11:30,CF-17,AA
T2,Wed,CH LAB,10:30,11:30,CG-20,SKA
T2,Wed,SWAYAM/NPTEL,14:30,15:30,,
T1,Thu,CH,08:30,09:30,CS-04,SKA
T1,Thu,M,09:30,10:30,CS-04,GT
T1,Thu,CH LAB,10:30,11:30,CG-20,AG
T1,Thu,CE LAB,10:30,11:30,CF-17,AA
T1,Thu,CAFG,13:30,14:30,CS-04,SS
T2,Thu,CH,08:30,09:30,CS-04,SKA
T2,Thu,M,09:30,10:30,CS-04,GT
T2,Thu,CH LAB,10:30,11:30,CG-20,AG
T2,Thu,CE LAB,10:30,11:30,CF-17,AA
T2,Thu,CAFG,13:30,14:30,CS-04,SS
T1,Fri,BCE,08:30,09:30,CS-04,AA
T1,Fri,PPS,09:30,10:30,CS-04,RKC
T1,Fri,M,10:30,11:30,CS-04,GT
T1,Fri,CP LAB,11:30,12:30,CS-21,BKC
T1,Fri,CAFG,11:30,12:30,DS-06,YD
T2,Fri,BCE,08:30,09:30,CS-04,AA
T2,Fri,PPS,09:30,10:30,CS-04,RKC
T2,Fri,M,10:30,11:30,CS-04,GT
T2,Fri,CP LAB,11:30,12:30,CS-21,BKC
T2,Fri,CAFG,11:30,12:30,DS-06,YD
T1,Sat,CH,09:30,10:30,CS-04,SKA
T1,Sat,M,10:30,11:30,CS-04,GT
T1,Sat,CAFG,13:30,14:30,CF-02,DSR
T1,Sat,CP LAB,13:30,14:30,CG-12,BKC
T2,Sat,CH,09:30,10:30,CS-04,SKA
T2,Sat,M,10:30,11:30,CS-04,GT
T2,Sat,CAFG,13:30,14:30,CF-02,DSR
T2,Sat,CP LAB,13:30,14:30,CG-12,BKC
U1,Mon,CP LAB,08:30,10:30,CG-12,POS
U1,Mon,M,13:30,14:30,CT-13,TG
U1,Mon,CH,14:30,15:30,CT-13,SHK
U2,Mon,CAFG,08:30,10:30,CF-02,JS
U2,Mon,M,13:30,14:30,CT-13,TG
U2,Mon,CH,14:30,15:30,CT-13,SHK
U1,Tue,CE LAB,08:30,10:30,CLG-19,VC
U1,Tue,BCE,12:30,13:30,CS-04,VC
U1,Tue,CH,14:30,15:30,CS-04,SHK
U2,Tue,CH LAB,08:30,10:30,CG-14,BS
U2,Tue,BCE,12:30,13:30,CS-04,VC
U2,Tue,CH,14:30,15:30,CS-04,SHK
U1,Wed,SWAYAM/NPTEL,08:30,10:30,,
U1,Wed,HV LAB,10:30,11:30,CT-13,TG
U1,Wed,M,11:30,12:30,CT-13,TG
U1,Wed,CH,14:30,15:30,CS-04,SHK
U1,Wed,CAFG,14:30,15:30,CT-13,AB
U2,Wed,SWAYAM/NPTEL,08:30,10:30,,
U2,Wed,HV LAB,10:30,11:30,CT-13,TG
U2,Wed,M,11:30,12:30,CT-13,TG
U2,Wed,CH,14:30,15:30,CS-04,SHK
U2,Wed,CAFG,14:30,15:30,CT-13,AB
U1,Thu,M,10:30,11:30,CT-13,TG
U1,Thu,BCE,11:30,12:30,CT-13,VC
U1,Thu,CH,14:30,15:30,CT-13,SHK
U1,Thu,PPS,14:30,15:30,CT-13,DR
U2,Thu,M,10:30,11:30,CT-13,TG
U2,Thu,BCE,11:30,12:30,CT-13,VC
U2,Thu,CH,14:30,15:30,CT-13,SHK
U2,Thu,PPS,14:30,15:30,CT-13,DR
U1,Fri,CH LAB,08:30,10:30,CG-14,SKA
U1,Fri,M,10:30,11:30,CT-13,TG
U1,Fri,PPS,13:30,14:30,CS-04,DR
U2,Fri,CE LAB,08:30,10:30,CLG-19,RR
U2,Fri,M,10:30,11:30,CT-13,TG
U2,Fri,PPS,13:30,14:30,CS-04,DR
U1,Sat,CAFG,08:30,10:30,CF-01,AB
U1,Sat,PPS,11:30,12:30,CS-04,DR
U1,Sat,HV,13:30,14:30,CS-04,TG
U1,Sat,Sports-I,14:30,15:30,,
U2,Sat,CP LAB,08:30,10:30,CS-21,DR
U2,Sat,PPS,11:30,12:30,CS-04,DR
U2,Sat,HV,13:30,14:30,CS-04,TG
U2,Sat,Sports-I,14:30,15:30,,
V1,Mon,PPS,08:30,09:30,CT-13,PS
V1,Mon,CE LAB,10:30,11:30,CF-17,RR
V1,Mon,HV,13:30,14:30,CT-19,PM
V2,Mon,PPS,08:30,09:30,CT-13,PS
V2,Mon,CH LAB,10:30,11:30,CG-14,RKA
V2,Mon,HV,13:30,14:30,CT-19,PM
V1,Tue,CH,08:30,09:30,CT-19,AG
V1,Tue,CH LAB,10:30,11:30,CG-14,AG
V1,Tue,CAFG,13:30,14:30,CT-13,NC
V1,Tue,Sports-I,14:30,15:30,,
V2,Tue,CH,08:30,09:30,CT-19,AG
V2,Tue,CH LAB,10:30,11:30,CG-14,AG
V2,Tue,CE LAB,10:30,11:30,CF-17,NJ
V2,Tue,CAFG,13:30,14:30,CT-13,NC
V2,Tue,Sports-I,14:30,15:30,,
V1,Wed,CP LAB,08:30,09:30,CS-21,BKC
V1,Wed,CAFG,08:30,09:30,CF-01,NC
V1,Wed,CH,11:30,12:30,CT-12,AG
V1,Wed,M,13:30,14:30,CT-19,GT
V2,Wed,CP LAB,08:30,09:30,CS-21,BKC
V2,Wed,CAFG,08:30,09:30,CF-01,NC
V2,Wed,CH,11:30,12:30,CT-12,AG
V2,Wed,M,13:30,14:30,CT-19,GT
V1,Thu,CAFG,08:30,09:30,DS-06,NC
V1,Thu,PPS,09:30,10:30,CT-12,PS
V1,Thu,M,11:30,12:30,CT-12,GT
V1,Thu,BCE,13:30,14:30,CG-08,NJ
V2,Thu,CAFG,08:30,09:30,DS-06,NC
V2,Thu,CP LAB,08:30,09:30,CS-21,BKC
V2,Thu,PPS,09:30,10:30,CT-12,PS
V2,Thu,M,11:30,12:30,CT-12,GT
V2,Thu,BCE,13:30,14:30,CG-08,NJ
V1,Fri,M,08:30,09:30,CT-19,GT
V1,Fri,BCE,09:30,10:30,CT-19,NJ
V1,Fri,CH,10:30,11:30,CT-19,AG
V1,Fri,SWAYAM/NPTEL,13:30,14:30,,
V2,Fri,M,08:30,09:30,CT-19,GT
V2,Fri,BCE,09:30,10:30,CT-19,NJ
V2,Fri,CH,10:30,11:30,CT-19,AG
V2,Fri,SWAYAM/NPTEL,13:30,14:30,,
V1,Sat,HV LAB,09:30,10:30,CT-13,PM
V1,Sat,M,10:30,11:30,CT-19,GT
V1,Sat,CH,11:30,12:30,CT-13,AG
V1,Sat,PPS,13:30,14:30,CT-19,PS
V2,Sat,HV LAB,09:30,10:30,CT-13,PM
V2,Sat,M,10:30,11:30,CT-19,GT
V2,Sat,CH,11:30,12:30,CT-13,AG
V2,Sat,PPS,13:30,14:30,CT-19,PS
W1,Mon,CE LAB,08:30,09:30,CLG-19,NJ
W1,Mon,CAFG,10:30,11:30,CT-12,AK
W1,Mon,CH,11:30,12:30,CT-12,SHK
W1,Mon,SWAYAM/NPTEL,13:30,14:30,,
W2,Mon,CE LAB,08:30,09:30,CLG-19,NJ
W2,Mon,CH LAB,08:30,09:30,CG-20,SKA
W2,Mon,CAFG,10:30,11:30,CT-12,AK
W2,Mon,CH,11:30,12:30,CT-12,SHK
W2,Mon,SWAYAM/NPTEL,13:30,14:30,,
W1,Tue,CH LAB,08:30,09:30,CG-20,RV
W1,Tue,M,10:30,11:30,CT-12,VS
W1,Tue,HV,11:30,12:30,CT-12,KP
W2,Tue,CH LAB,08:30,09:30,CG-20,RV
W2,Tue,CE LAB,08:30,09:30,CLG19,AA
W2,Tue,M,10:30,11:30,CT-12,VS
W2,Tue,HV,11:30,12:30,CT-12,KP
W1,Wed,PPS,09:30,10:30,CT-12,GS
W1,Wed,CAFG,10:30,11:30,DS-06,AK
W1,Wed,CP LAB,10:30,11:30,CS-21,BKC
W1,Wed,BCE,14:30,15:30,CT-12,NJ
W2,Wed,PPS,09:30,10:30,CT-12,GS
W2,Wed,CAFG,10:30,11:30,DS-06,AK
W2,Wed,CP LAB,10:30,11:30,CS-21,BKC
W2,Wed,BCE,14:30,15:30,CT-12,NJ
W1,Thu,CH,08:30,09:30,CT-12,SHK
W1,Thu,M,09:30,10:30,CT-12,VS
W1,Thu,CP LAB,10:30,11:30,CS-21,GS
W1,Thu,CAFG,10:30,11:30,DS-06,AK
W1,Thu,PPS,13:30,14:30,CT-12,GS
W2,Thu,CH,08:30,09:30,CT-12,SHK
W2,Thu,M,09:30,10:30,CT-12,VS
W2,Thu,CP LAB,10:30,11:30,CS-21,GS
W2,Thu,CAFG,10:30,11:30,DS-06,AK
W2,Thu,PPS,13:30,14:30,CT-12,GS
W1,Fri,CH,08:30,09:30,CT-12,SHK
W1,Fri,HV LAB,09:30,10:30,CT-12,KP
W1,Fri,M,11:30,12:30,CT-12,VS
W1,Fri,BCE,14:30,15:30,CT-12,NJ
W2,Fri,CH,08:30,09:30,CT-12,SHK
W2,Fri,HV LAB,09:30,10:30,CT-12,KP
W2,Fri,M,11:30,12:30,CT-12,VS
W2,Fri,BCE,14:30,15:30,CT-12,NJ
W1,Sat,PPS,08:30,09:30,CT-12,GS
W1,Sat,CH,10:30,11:30,CT-12,SHK
W1,Sat,M,11:30,12:30,CT-12,VS
W1,Sat,Sports-I,14:30,15:30,,
W2,Sat,PPS,08:30,09:30,CT-12,GS
W2,Sat,CH,10:30,11:30,CT-12,SHK
W2,Sat,M,11:30,12:30,CT-12,VS
W2,Sat,Sports-I,14:30,15:30,,
X1,Mon,M,08:30,09:30,CT-19,MNM
X1,Mon,CH,09:30,10:30,CT-19,RM
X1,Mon,PPS,11:30,12:30,CT-19,DR
X1,Mon,CE LAB,13:30,14:30,CLG-19,VC
X2,Mon,M,08:30,09:30,CT-19,MNM
X2,Mon,CH,09:30,10:30,CT-19,RM
X2,Mon,PPS,11:30,12:30,CT-19,DR
X2,Mon,CH LAB,13:30,14:30,CG-14,RM
X1,Tue,PPS,09:30,10:30,CT-19,DR
X1,Tue,M,11:30,12:30,CT-19,MNM
X1,Tue,CH LAB,13:30,14:30,CG-14,RM
X1,Tue,CE LAB,13:30,14:30,CLG-19,NJ
X2,Tue,PPS,09:30,10:30,CT-19,DR
X2,Tue,M,11:30,12:30,CT-19,MNM
X2,Tue,CH LAB,13:30,14:30,CG-14,RM
X2,Tue,CE LAB,13:30,14:30,CLG-19,NJ
X1,Wed,CH,08:30,09:30,CT-19,RM
X1,Wed,M,09:30,10:30,CT-19,MNM
X1,Wed,HV,10:30,11:30,CT-19,RR
X1,Wed,BCE,14:30,15:30,CT-19,VC
X2,Wed,CH,08:30,09:30,CT-19,RM
X2,Wed,M,09:30,10:30,CT-19,MNM
X2,Wed,HV,10:30,11:30,CT-19,RR
X2,Wed,BCE,14:30,15:30,CT-19,VC
X1,Thu,CH,08:30,09:30,CT-19,RM
X1,Thu,M,09:30,10:30,CT-19,MNM
X1,Thu,HV LAB,10:30,11:30,CT-19,RR
X1,Thu,Sports-I,14:30,15:30,,
X2,Thu,CH,08:30,09:30,CT-19,RM
X2,Thu,M,09:30,10:30,CT-19,MNM
X2,Thu,HV LAB,10:30,11:30,CT-19,RR
X2,Thu,Sports-I,14:30,15:30,,
X1,Fri,CAFG,08:30,10:30,DS-06,AK
X1,Fri,CP LAB,08:30,10:30,CS-21,DR
X1,Fri,PPS,11:30,12:30,CT-19,DR
X1,Fri,SWAYAM/NPTEL,13:30,14:30,,
X2,Fri,CAFG,08:30,10:30,DS-06,AK
X2,Fri,CP LAB,08:30,10:30,CS-21,DR
X2,Fri,PPS,11:30,12:30,CT-19,DR
X2,Fri,SWAYAM/NPTEL,13:30,14:30,,
X1,Sat,BCE,09:30,10:30,CT-19,VC
X1,Sat,CH,09:30,10:30,CT-19,RM
X1,Sat,CAFG,10:30,11:30,CT-19,AK
X1,Sat,CP LAB,12:30,13:30,CS-21,POS
X1,Sat,CAFG,12:30,13:30,DS-06,AK
X2,Sat,BCE,09:30,10:30,CT-19,VC
X2,Sat,CH,09:30,10:30,CT-19,RM
X2,Sat,CAFG,10:30,11:30,CT-19,AK
X2,Sat,CP LAB,12:30,13:30,CS-21,POS
X2,Sat,CAFG,12:30,13:30,DS-06,AK
Y1,Mon,M,08:30,09:30,CS-08,ST
Y1,Mon,PPS,09:30,10:30,CS-08,GS
Y1,Mon,BCE,10:30,11:30,CG-08,AA
Y1,Mon,HV,13:30,14:30,CG-08,PM
Y1,Mon,SWAYAM/NPTEL,14:30,15:30,,
Y2,Mon,M,08:30,09:30,CS-08,ST
Y2,Mon,PPS,09:30,10:30,CS-08,GS
Y2,Mon,BCE,10:30,11:30,CG-08,AA
Y2,Mon,HV,13:30,14:30,CG-08,PM
Y2,Mon,SWAYAM/NPTEL,14:30,15:30,,
Y1,Tue,CH,09:30,10:30,Cs-08,SHK
Y1,Tue,M,10:30,11:30,Cs-08,ST
Y1,Tue,CAFG,13:30,14:30,CF-01,SS
Y1,Tue,CP LAB,13:30,14:30,CS-21,GS
Y2,Tue,CH,09:30,10:30,Cs-08,SHK
Y2,Tue,M,10:30,11:30,Cs-08,ST
Y2,Tue,CAFG,13:30,14:30,CF-01,SS
Y2,Tue,CP LAB,13:30,14:30,CS-21,GS
Y1,Wed,PPS,09:30,10:30,CS-04,GS
Y1,Wed,CH,10:30,11:30,CS-04,SHK
Y1,Wed,M,11:30,12:30,CS-04,ST
Y1,Wed,CH LAB,13:30,14:30,CG-20,SKA
Y1,Wed,CE LAB,13:30,14:30,CF-17,AA
Y2,Wed,PPS,09:30,10:30,CS-04,GS
Y2,Wed,CH,10:30,11:30,CS-04,SHK
Y2,Wed,M,11:30,12:30,CS-04,ST
Y2,Wed,CH LAB,13:30,14:30,CG-20,SKA
Y2,Wed,CE LAB,13:30,14:30,CF-17,AA
Y1,Thu,M,09:30,10:30,CG-08,ST
Y1,Thu,CH,10:30,11:30,CG-08,SHK
Y1,Thu,CE LAB,13:30,14:30,CF-17,SJ
Y1,Thu,CH LAB,13:30,14:30,CG-20,RV
Y2,Thu,M,09:30,10:30,CG-08,ST
Y2,Thu,CH,10:30,11:30,CG-08,SHK
Y2,Thu,CE LAB,13:30,14:30,CF-17,SJ
Y2,Thu,CH LAB,13:30,14:30,CG-20,RV
Y1,Fri,CH,08:30,09:30,CG-08,SHK
Y1,Fri,CP LAB,09:30,10:30,CS-23,GS
Y1,Fri,CAFG,09:30,10:30,CF-17,SPS
Y1,Fri,H V LAB,13:30,14:30,CG-08,PM
Y2,Fri,CH,08:30,09:30,CG-08,SHK
Y2,Fri,CP LAB,09:30,10:30,CS-23,GS
Y2,Fri,CAFG,09:30,10:30,CF-17,SPS
Y2,Fri,H V LAB,13:30,14:30,CG-08,PM
Y1,Sat,PPS,09:30,10:30,CS-08,GS
Y1,Sat,CAFG,11:30,12:30,CS-08,DSR
Y1,Sat,BCE,13:30,14:30,CS-08,AA
Y2,Sat,PPS,09:30,10:30,CS-08,GS
Y2,Sat,CAFG,11:30,12:30,CS-08,DSR
Y2,Sat,BCE,13:30,14:30,CS-08,AA
Z1,Mon,CH LAB,08:30,10:30,CG-14,AG
Z1,Mon,M,11:30,12:30,CT-20,KP
Z1,Mon,CH,13:30,14:30,CT-20,PP
Z1,Mon,CAFG,14:30,15:30,CT-20,HCN
Z2,Mon,CE LAB,08:30,10:30,CF-17,SJ
Z2,Mon,M,11:30,12:30,CT-20,KP
Z2,Mon,CH,13:30,14:30,CT-20,PP
Z2,Mon,CAFG,14:30,15:30,CT-20,HCN
Z1,Tue,Sports-I,09:30,10:30,,
Z1,Tue,PPS,10:30,11:30,CT-20,PS
Z1,Tue,CH,11:30,12:30,CT-20,PP
Z1,Tue,M,13:30,14:30,CT-20,KP
Z2,Tue,Sports-I,09:30,10:30,,
Z2,Tue,PPS,10:30,11:30,CT-20,PS
Z2,Tue,CH,11:30,12:30,CT-20,PP
Z2,Tue,M,13:30,14:30,CT-20,KP
Z1,Wed,CH,09:30,10:30,CT-20,PP
Z1,Wed,HV,10:30,11:30,CT-20,DS
Z1,Wed,BCE,13:30,14:30,CT-20,SJ
Z2,Wed,CH,09:30,10:30,CT-20,PP
Z2,Wed,HV,10:30,11:30,CT-20,DS
Z2,Wed,BCE,13:30,14:30,CT-20,SJ
Z1,Thu,HV LAB,08:30,09:30,CT-20,DS
Z1,Thu,CH,09:30,10:30,CT-20,PP
Z1,Thu,BCE,10:30,11:30,CT-20,SJ
Z1,Thu,M,13:30,14:30,CT-20,KP
Z2,Thu,HV LAB,08:30,09:30,CT-20,DS
Z2,Thu,CH,09:30,10:30,CT-20,PP
Z2,Thu,BCE,10:30,11:30,CT-20,SJ
Z2,Thu,M,13:30,14:30,CT-20,KP
Z1,Fri,PPS,08:30,09:30,CT-20,DS
Z1,Fri,CAFG,10:30,11:30,CF-01,JS
Z1,Fri,CE LAB,13:30,14:30,CF-17,SJ
Z2,Fri,PPS,08:30,09:30,CT-20,DS
Z2,Fri,CP LAB,10:30,11:30,CS-21,PS
Z2,Fri,CH LAB,13:30,14:30,CG-14,PP
Z1,Sat,M,08:30,09:30,CT-20,KP
Z1,Sat,CP LAB,10:30,11:30,CS-21,POS
Z1,Sat,PPS,14:30,15:30,CT-20,PS
Z2,Sat,M,08:30,09:30,CT-20,KP
Z2,Sat,CAFG,10:30,11:30,CF-01,DP
Z2,Sat,PPS,14:30,15:30,CT-20,PS
ZA1,Mon,M,08:30,09:30,CT-20,SKB
ZA1,Mon,CAFG,09:30,10:30,CT-20,VS
ZA1,Mon,CAEG,10:30,11:30,CF-02,VS
ZA1,Mon,SWAYAM/NPTEL,13:30,14:30,,
ZA2,Mon,M,08:30,09:30,CT-20,SKB
ZA2,Mon,CAFG,09:30,10:30,CT-20,VS
ZA2,Mon,CP LAB,10:30,11:30,CS-22,POS
ZA2,Mon,SWAYAM/NPTEL,13:30,14:30,,
ZA1,Tue,M,08:30,09:30,CT-20,SKB
ZA1,Tue,Sports-I,09:30,10:30,,
ZA1,Tue,CAEG,10:30,11:30,DS-06,NC
ZA1,Tue,HV LAB,13:30,14:30,CT-19,SKB
ZA1,Tue,PPS,14:30,15:30,CT-19,POS
ZA2,Tue,M,08:30,09:30,CT-20,SKB
ZA2,Tue,Sports-I,09:30,10:30,,
ZA2,Tue,CP LAB,10:30,11:30,CG-12,POS
ZA2,Tue,HV LAB,13:30,14:30,CT-19,SKB
ZA2,Tue,PPS,14:30,15:30,CT-19,POS
ZA1,Wed,CH LAB,08:30,10:30,CG-20,RV
ZA1,Wed,CH,11:30,12:30,CT-20,RV
ZA1,Wed,HV,12:30,13:30,CT-20,SKB
ZA2,Wed,CE LAB,08:30,10:30,CF-17,SJ
ZA2,Wed,CH,11:30,12:30,CT-20,RV
ZA2,Wed,HV,12:30,13:30,CT-20,SKB
ZA1,Thu,CE LAB,08:30,10:30,CF-17,AA
ZA1,Thu,CH,11:30,12:30,CT-20,RV
ZA1,Thu,PPS,14:30,15:30,CT-19,POS
ZA2,Thu,CH LAB,08:30,10:30,CG-20,RV
ZA2,Thu,CH,11:30,12:30,CT-20,RV
ZA2,Thu,PPS,14:30,15:30,CT-19,POS
ZA1,Fri,PPS,08:30,09:30,CT-20,POS
ZA1,Fri,M,09:30,10:30,CT-20,SKB
ZA1,Fri,CH,10:30,11:30,CT-20,RV
ZA1,Fri,BCE,13:30,14:30,CT-20,AA
ZA2,Fri,PPS,08:30,09:30,CT-20,POS
ZA2,Fri,M,09:30,10:30,CT-20,SKB
ZA2,Fri,CH,10:30,11:30,CT-20,RV
ZA2,Fri,BCE,13:30,14:30,CT-20,AA
ZA1,Sat,BCE,09:30,10:30,CT-20,AA
ZA1,Sat,M,10:30,11:30,CT-20,SKB
ZA1,Sat,CH,11:30,12:30,CT-20,RV
ZA2,Sat,BCE,09:30,10:30,CT-20,AA
ZA2,Sat,M,10:30,11:30,CT-20,SKB
ZA2,Sat,CH,11:30,12:30,CT-20,RV
